{"train_loss":{"0":35.6806972439,"1":35.3119498149,"2":34.9491258741,"3":34.591276738,"4":34.2377339572,"5":33.8868752571,"6":33.5365847388,"7":33.184407137,"8":32.8288332991,"9":32.4678347388,"10":32.099938297,"11":31.7259461127,"12":31.3466191896,"13":30.9626773961,"14":30.575120835,"15":30.1837952489,"16":29.7889140271,"17":29.3904257507,"18":28.9873637392,"19":28.5791006787,"20":28.1651686549,"21":27.7450071987,"22":27.3175802139,"23":26.8831602221,"24":26.4422794118,"25":25.9963029617,"26":25.5458813246,"27":25.0902020773,"28":24.6294940354,"29":24.1636209379,"30":23.6942179144,"31":23.2219739819,"32":22.7489099136,"33":22.2742287125,"34":21.7976295763,"35":21.3171855718,"36":20.8334957322,"37":20.3481720485,"38":19.8643870835,"39":19.3833916084,"40":18.9057846565,"41":18.4316896339,"42":17.9609985603,"43":17.4949095023,"44":17.0337438297,"45":16.5774012752,"46":16.12713261,"47":15.6838132456,"48":15.2475550185,"49":14.8186188811,"50":14.3972914953,"51":13.9826550288,"52":13.5751002674,"53":13.1753033731,"54":12.7833684698,"55":12.3988610654,"56":12.0210124434,"57":11.650311086,"58":11.2877159605,"59":10.9332424928,"60":10.5861541032,"61":10.2476719971,"62":9.9186805841,"63":9.5992081448,"64":9.2883452026,"65":8.9863919169,"66":8.6945412125,"67":8.4119485294,"68":8.1386331499,"69":7.8732491773,"70":7.6157799002,"71":7.3666887341,"72":7.1253142997,"73":6.8917542935,"74":6.666844277,"75":6.4491618675,"76":6.2385746606,"77":6.0346423797,"78":5.8382995681,"79":5.6497596154,"80":5.4684620527,"81":5.2938136312,"82":5.1249755759,"83":4.962638189,"84":4.8069666547,"85":4.6575933258,"86":4.5145693002,"87":4.3773913127,"88":4.2454307641,"89":4.1188197372,"90":3.9973621966,"91":3.8807554119,"92":3.7685690688,"93":3.6603133998,"94":3.5561095614,"95":3.4559357003,"96":3.3596047794,"97":3.2671482929,"98":3.1784650093,"99":3.0933270773},"train_r_2":{"0":-1.9927749489,"1":-1.961846486,"2":-1.9314154805,"3":-1.9013994537,"4":-1.8717441196,"5":-1.842316848,"6":-1.8129356603,"7":-1.7833952658,"8":-1.7535711014,"9":-1.7232925135,"10":-1.6924338628,"11":-1.661063939,"12":-1.6292485802,"13":-1.5970448389,"14":-1.5645380525,"15":-1.5317141407,"16":-1.4985917685,"17":-1.4651686162,"18":-1.4313623404,"19":-1.3971179547,"20":-1.3623975851,"21":-1.3271570249,"22":-1.2913047786,"23":-1.2548672535,"24":-1.2178892477,"25":-1.1804816494,"26":-1.1427012245,"27":-1.1044804065,"28":-1.0658389221,"29":-1.0267623841,"30":-0.9873905699,"31":-0.9477803519,"32":-0.908100821,"33":-0.8682865869,"34":-0.828311178,"35":-0.788012676,"36":-0.7474432807,"37":-0.7067356007,"38":-0.6661569036,"39":-0.6258135376,"40":-0.5857530423,"41":-0.5459871376,"42":-0.5065075916,"43":-0.46741394,"44":-0.4287330037,"45":-0.390455767,"46":-0.3526891406,"47":-0.3155046568,"48":-0.2789130834,"49":-0.2429348423,"50":-0.2075958694,"51":-0.1728173192,"52":-0.1386332641,"53":-0.1050994214,"54":-0.072225447,"55":-0.0399743789,"56":-0.0082815016,"57":0.0228117201,"58":0.0532249601,"59":0.0829567854,"60":0.1120693279,"61":0.1404600581,"62":0.1680546871,"63":0.1948506106,"64":0.2209249198,"65":0.2462521563,"66":0.2707311965,"67":0.2944339658,"68":0.3173589303,"69":0.3396185458,"70":0.3612140956,"71":0.3821071548,"72":0.4023527882,"73":0.4219431682,"74":0.4408078855,"75":0.4590660772,"76":0.4767294211,"77":0.4938349293,"78":0.51030325,"79":0.5261174435,"80":0.5413237409,"81":0.5559728822,"82":0.5701344182,"83":0.5837507541,"84":0.596807867,"85":0.6093369888,"86":0.6213332736,"87":0.6328392969,"88":0.6439076784,"89":0.6545273071,"90":0.6647149196,"91":0.6744954982,"92":0.6839053053,"93":0.6929852706,"94":0.701725601,"95":0.7101277819,"96":0.7182076779,"97":0.7259627664,"98":0.7334011442,"99":0.7405421689},"val_loss":{"0":33.0387357744,"1":32.690561968,"2":32.3486913629,"3":32.0112185418,"4":31.6775131847,"5":31.3462336926,"6":31.0154746484,"7":30.6829807781,"8":30.347586857,"9":30.0075956467,"10":29.661599047,"11":29.3103141192,"12":28.9541311991,"13":28.5938049362,"14":28.2303068329,"15":27.8634142533,"16":27.4934018782,"17":27.1202783818,"18":26.7433151369,"19":26.3617632772,"20":25.9753828183,"21":25.5834191108,"22":25.1851811158,"23":24.7803854783,"24":24.3695006014,"25":23.9548439235,"26":23.5361841344,"27":23.1131077674,"28":22.6858230015,"29":22.2543645332,"30":21.8205495929,"31":21.3843969745,"32":20.9475778937,"33":20.5096470786,"34":20.0699525236,"35":19.6278349949,"36":19.1833031666,"37":18.7377159858,"38":18.2939171216,"39":17.8529850574,"40":17.4154677091,"41":16.9814113388,"42":16.5507624561,"43":16.1245691849,"44":15.703171262,"45":15.2865123057,"46":14.875575384,"47":14.471055873,"48":14.0731070156,"49":13.6820006014,"50":13.2979289068,"51":12.9200852378,"52":12.5487543949,"53":12.1845059794,"54":11.8273985416,"55":11.4770663224,"56":11.1327879233,"57":10.7949797025,"58":10.4645271442,"59":10.1414591622,"60":9.8251230281,"61":9.5165516863,"62":9.2164752093,"63":8.9248589008,"64":8.6409387144,"65":8.3649741511,"66":8.0979468334,"67":7.8390883778,"68":7.5883192716,"69":7.3445971734,"70":7.1079914762,"71":6.8788296285,"72":6.6565102239,"73":6.4410961498,"74":6.2333615724,"75":6.0320592241,"76":5.8370456201,"77":5.6480428271,"78":5.4657317641,"79":5.2901536333,"80":5.1206976314,"81":4.9570301657,"82":4.7985874179,"83":4.6461099417,"84":4.4996530348,"85":4.3588975614,"86":4.2238041266,"87":4.0940127539,"88":3.9690741956,"89":3.8490025473,"90":3.7337081762,"91":3.6229380869,"92":3.516332303,"93":3.4135561476,"94":3.3145069769,"95":3.2190366077,"96":3.1270105911,"97":3.0384506124,"98":2.9533416725,"99":2.8714669183},"val_r_2":{"0":-2.0572502316,"1":-2.025032122,"2":-1.9933964785,"3":-1.9621685881,"4":-1.9312890536,"5":-1.9006339974,"6":-1.8700271009,"7":-1.8392596718,"8":-1.8082238855,"9":-1.7767626875,"10":-1.7447457789,"11":-1.7122395131,"12":-1.67928001,"13":-1.6459371013,"14":-1.6123006853,"15":-1.5783501603,"16":-1.544110944,"17":-1.5095838391,"18":-1.4747014218,"19":-1.4393943956,"20":-1.4036405533,"21":-1.3673700633,"22":-1.3305189801,"23":-1.2930610832,"24":-1.2550397166,"25":-1.2166693252,"26":-1.1779285045,"27":-1.1387789944,"28":-1.0992400587,"29":-1.0593149081,"30":-1.0191717005,"31":-0.9788121752,"32":-0.9383911123,"33":-0.8978669072,"34":-0.8571796276,"35":-0.8162681373,"36":-0.7751332391,"37":-0.7339008172,"38":-0.6928336102,"39":-0.6520318173,"40":-0.61154614,"41":-0.5713804579,"42":-0.5315302225,"43":-0.4920922886,"44":-0.4530980939,"45":-0.4145424209,"46":-0.3765162384,"47":-0.339083893,"48":-0.3022595652,"49":-0.2660684051,"50":-0.2305282051,"51":-0.1955643175,"52":-0.1612030963,"53":-0.12749725,"54":-0.0944521963,"55":-0.0620340228,"56":-0.0301761753,"57":0.001083019,"58":0.0316615547,"59":0.0615567562,"60":0.0908290239,"61":0.119382774,"62":0.1471503822,"63":0.1741352597,"64":0.2004079071,"65":0.2259443783,"66":0.2506538385,"67":0.2746073905,"68":0.2978123918,"69":0.320365296,"70":0.3422596816,"71":0.3634652482,"72":0.3840376471,"73":0.403971059,"74":0.4231938461,"75":0.4418214248,"76":0.4598670725,"77":0.4773565079,"78":0.4942267552,"79":0.510473935,"80":0.5261546016,"81":0.5412995907,"82":0.5559611422,"83":0.5700706954,"84":0.5836231667,"85":0.5966479536,"86":0.6091489357,"87":0.6211591895,"88":0.6327204198,"89":0.6438312891,"90":0.6545000915,"91":0.664750238,"92":0.6746150391,"93":0.6841254643,"94":0.6932910117,"95":0.7021253936,"96":0.7106410512,"97":0.7188359778,"98":0.7267115614,"99":0.7342878686},"net_time":{"0":0.2014601231,"1":0.3879623413,"2":0.6871623993,"3":0.8297796249,"4":1.1150169373,"5":1.3852944374,"6":1.5428740978,"7":1.8181364536,"8":1.9747178555,"9":2.1223261356,"10":2.4145421982,"11":2.5731186867,"12":2.8493788242,"13":3.1076889038,"14":3.319123745,"15":3.648244381,"16":3.8167927265,"17":3.9673900604,"18":4.2536261082,"19":4.4002327919,"20":4.7023847103,"21":4.9746570587,"22":5.1282467842,"23":5.4354262352,"24":5.5870203972,"25":5.7475903034,"26":6.0348229408,"27":6.1844239235,"28":6.4566943645,"29":6.7349498272,"30":6.9096074104,"31":7.2373988628,"32":7.4089479446,