{"train_loss":{"0":36.2363122172,"1":35.8906468531,"2":35.5469971205,"3":35.2042832168,"4":34.8619652406,"5":34.5197449609,"6":34.1769950638,"7":33.8332836281,"8":33.4882944262,"9":33.1411713287,"10":32.7905131633,"11":32.4351604278,"12":32.0746349239,"13":31.7082707733,"14":31.3354535171,"15":30.9582656314,"16":30.5778537639,"17":30.1935726039,"18":29.8047999794,"19":29.4113687783,"20":29.0125385644,"21":28.6082784862,"22":28.1986862402,"23":27.7843762855,"24":27.3659862197,"25":26.9448477993,"26":26.5218891403,"27":26.0979535171,"28":25.6737530852,"29":25.2498226039,"30":24.8264448787,"31":24.4037201769,"32":23.9812165775,"33":23.5587335459,"34":23.1371194981,"35":22.7162638832,"36":22.2970099753,"37":21.8802036199,"38":21.4660980564,"39":21.0548861065,"40":20.6467361682,"41":20.2418333505,"42":19.8403589058,"43":19.4424953723,"44":19.0483957219,"45":18.658197501,"46":18.272060109,"47":17.8901030954,"48":17.512467863,"49":17.1392842452,"50":16.770670506,"51":16.4067487659,"52":16.047615436,"53":15.6933707836,"54":15.344088081,"55":14.9998213184,"56":14.6606129165,"57":14.3264975833,"58":13.9974778898,"59":13.6735319827,"60":13.3546277252,"61":13.04071884,"62":12.7318066125,"63":12.4279617441,"64":12.1292883587,"65":11.8357761724,"66":11.5474071884,"67":11.2642341115,"68":10.9863302139,"69":10.7137623406,"70":10.4465600576,"71":10.1846385232,"72":9.9278987557,"73":9.6763356129,"74":9.4299298128,"75":9.1886556458,"76":8.9524629782,"77":8.7211917678,"78":8.4947333916,"79":8.2729721565,"80":8.0557865847,"81":7.8431991722,"82":7.6351906366,"83":7.4316645671,"84":7.2326415313,"85":7.0381067462,"86":6.8479599445,"87":6.6621085716,"88":6.4805854072,"89":6.3034367287,"90":6.1306535376,"91":5.9621612762,"92":5.7979213801,"93":5.6379460613,"94":5.4821106283,"95":5.3302646802,"96":5.1823455497,"97":5.038313387,"98":4.8981187012,"99":4.761712644},"train_r_2":{"0":-2.0834434092,"1":-2.0540298314,"2":-2.024787769,"3":-1.9956253388,"4":-1.966496599,"5":-1.9373761726,"6":-1.9082106795,"7":-1.8789633666,"8":-1.8496073253,"9":-1.8200697051,"10":-1.7902312766,"11":-1.7599933748,"12":-1.7293153085,"13":-1.6981404164,"14":-1.6664164124,"15":-1.6343205001,"16":-1.6019502507,"17":-1.5692507529,"18":-1.5361690646,"19":-1.5026909657,"20":-1.4687534505,"21":-1.4343538939,"22":-1.3995006091,"23":-1.364245882,"24":-1.3286439674,"25":-1.2928081881,"26":-1.2568175199,"27":-1.2207437193,"28":-1.1846473854,"29":-1.1485740223,"30":-1.1125479134,"31":-1.0765769345,"32":-1.0406249885,"33":-1.0046747927,"34":-0.968798541,"35":-0.9329868264,"36":-0.8973114052,"37":-0.8618442528,"38":-0.8266070272,"39":-0.7916158081,"40":-0.7568852531,"41":-0.722431004,"42":-0.6882687031,"43":-0.6544132266,"44":-0.6208782476,"45":-0.5876752515,"46":-0.5548178021,"47":-0.522316072,"48":-0.4901820938,"49":-0.4584269152,"50":-0.4270605996,"51":-0.3960935386,"52":-0.3655339361,"53":-0.335390324,"54":-0.3056689373,"55":-0.2763743702,"56":-0.2475102323,"57":-0.2190794771,"58":-0.1910823233,"59":-0.1635170208,"60":-0.1363805068,"61":-0.1096691716,"62":-0.0833830151,"63":-0.0575280536,"64":-0.0321131473,"65":-0.007137421,"66":0.0174006567,"67":0.0414966009,"68":0.0651441767,"69":0.0883376415,"70":0.1110746434,"71":0.1333622378,"72":0.155208902,"73":0.1766150735,"74":0.1975824478,"75":0.2181129939,"76":0.2382113058,"77":0.2578907286,"78":0.277160724,"79":0.2960309725,"80":0.3145118658,"81":0.3326014896,"82":0.3503014847,"83":0.3676200549,"84":0.3845554501,"85":0.4011089283,"86":0.4172890213,"87":0.4331036049,"88":0.4485498899,"89":0.4636239383,"90":0.4783265159,"91":0.492663967,"92":0.506639573,"93":0.5202523497,"94":0.5335127431,"95":0.5464336608,"96":0.5590205445,"97":0.5712766213,"98":0.583206157,"99":0.5948133082},"val_loss":{"0":38.3740111491,"1":38.0165473492,"2":37.6614862833,"3":37.3070092755,"4":36.9526074436,"5":36.5985959474,"6":36.2444572308,"7":35.8888092154,"8":35.531695272,"9":35.1721410067,"10":34.8082554589,"11":34.4392637398,"12":34.064963453,"13":33.684039022,"14":33.2958861491,"15":32.9033036871,"16":32.5068294319,"17":32.1061279839,"18":31.7011935603,"19":31.2911413999,"20":30.8752573325,"21":30.4533273964,"22":30.0257766238,"23":29.592729344,"24":29.1547522668,"25":28.7133257772,"26":28.2695861862,"27":27.8245136704,"28":27.3789351638,"29":26.9334000278,"30":26.4881684863,"31":26.0433272807,"32":25.5985641423,"33":25.1535089748,"34":24.7090089517,"35":24.2649166127,"36":23.8221181648,"37":23.3816516122,"38":22.9437771789,"39":22.5086726846,"40":22.0766012444,"41":21.6477406782,"42":21.2222818167,"43":20.8003648917,"44":20.3822255505,"45":19.9680343843,"46":19.5579287333,"47":19.1521384623,"48":18.7508399449,"49":18.3541199227,"50":17.9621273015,"51":17.5749994217,"52":17.1928794065,"53":16.8158670082,"54":16.444046077,"55":16.0775510617,"56":15.7163993107,"57":15.3606154006,"58":15.0102224625,"59":14.6652248335,"60":14.3256225134,"61":13.991320087,"62":13.6623218912,"63":13.3387363527,"64":13.020686355,"65":12.7081097335,"66":12.4009905857,"67":12.0993758963,"68":11.8033343357,"69":11.5129540907,"70":11.2282496183,"71":10.9491435742,"72":10.6755203032,"73":10.4073508917,"74":10.1445977517,"75":9.8873150965,"76":9.6354096792,"77":9.3888012641,"78":9.1473467281,"79":8.910824158,"80":8.6792060858,"81":8.4524701032,"82":8.2306010305,"83":8.0135309204,"84":7.80125905,"85":7.5936733785,"86":7.3907117413,"87":7.1922028243,"88":6.9981834926,"89":6.8087600042,"90":6.6238275467,"91":6.4433832289,"92":6.2674053652,"93":6.0959965997,"94":5.9289397177,"95":5.7660735248,"96":5.6072650178,"97":5.4525741927,"98":5.3020559857,"99":5.1555734178},"val_r_2":{"0":-2.1095455588,"1":-2.0805793409,"2":-2.0518078227,"3":-2.0230838665,"4":-1.9943655334,"5":-1.9656790646,"6":-1.9369822867,"7":-1.9081632064,"8":-1.8792255726,"9":-1.8500897245,"10":-1.8206031356,"11":-1.7907027805,"12":-1.7603722583,"13":-1.7295051989,"14":-1.6980519316,"15":-1.6662401917,"16":-1.6341123869,"17":-1.6016427445,"18":-1.5688298589,"19":-1.5356022698,"20":-1.5019021062,"21":-1.4677120301,"22":-1.4330664832,"23":-1.39797554,"24":-1.3624851225,"25":-1.3267151902,"26":-1.2907578213,"27":-1.2546924421,"28":-1.2185860611,"29":-1.1824831946,"30":-1.1464049291,"31":-1.1103582935,"32":-1.0743179839,"33":-1.0382540105,"34":-1.0022350218,"35":-0.9662490688,"36":-0.9303680803,"37":-0.8946756999,"38":-0.8591937171,"39":-0.8239360725,"40":-0.7889242041,"41":-0.7541726383,"42":-0.7196964872,"43":-0.6855075826,"44":-0.651624434,"45":-0.6180615677,"46":-0.5848296441,"47":-0.551947407,"48":-0.5194291483,"49":-0.4872818969,"50":-0.455517719,"51":-0.4241476266,"52":-0.3931834517,"53":-0.3626332773,"54":-0.3325036637,"55":-0.302805623,"56":-0.2735405608,"57":-0.2447104686,"58":-0.2163172209,"59":-0.188361169,"60":-0.1608423131,"61":-0.1337529212,"62":-0.1070933449,"63":-0.0808723702,"64":-0.0550999548,"65":-0.0297710612,"66":-0.0048844008,"67":0.019556219,"68":0.0435452338,"69":0.0670754975,"70":0.0901458386,"71":0.1127625246,"72":0.1349349858,"73":0.1566654481,"74":0.1779569573,"75":0.1988052375,"76":0.2192177863,"77":0.2392010466,"78":0.2587667919,"79":0.2779328872,"80":0.2967014412,"81":0.3150744453,"82":0.3330530126,"83":0.3506428247,"84":0.3678437644,"85":0.3846649693,"86":0.4011114767,"87":0.4171971686,"88":0.4329190578,"89":0.4482685339,"90":0.4632540901,"91":0.4778759608,"92":0.492135903,"93":0.5060255995,"94":0.5195626515,"95":0.5327601211,"96":0.545628786,"97":0.5581637844,"98":0.5703606647,"99":0.5822305267},"net_time":{"0":0.1839797497,"1":0.5190842152,"2":0.6846439838,"3":0.9749634266,"4":1.1295332909,"5":1.4307227135,"6":1.6212134361,"7":1.9244031906,"8":2.0730054379,"9":2.3263280392,"10":2.6197283268,"11":2.8351402283,"12":3.1323442459,"13":3.2919175625,"14":3.558205843,"15":3.6938428879,"16":3.9799678326,"17":4.1345527172,"18":4.444725275,"19":4.6013066769,"20":4.8895349503,"21":5.0690543652,"22":5.3632757664,"23":5.4989128113,"24":5.76719594,"25":5.9247894287,"26":6.220000267,"27":6.4444005489,"28":6.7336273193,"29":6.9011800289,