{"Trial-ID":{"0":1,"1":1},"Status":{"0":"INTERMEDIATE","1":"COMPLETED"},"Iteration":{"0":1,"1":1},"H_l1":{"0":322,"1":322},"activate":{"0":"nn.PReLU","1":"nn.PReLU"},"lr":{"0":0.0006562829,"1":0.0006562829},"Objective":{"0":2.7694628239,"1":2.7694628239},"net_time":{"0":0.7434053421,"1":0.7434053421},"train_loss":{"0":2.8658418655,"1":2.8658418655},"train_r_2":{"0":0.9268997128,"1":0.9268997128},"val_r_2":{"0":0.9272208556,"1":0.9272208556}}