{"train_loss":{"0":18.4489716166,"1":4.4559938683,"2":1.4697340343,"3":0.9303060565,"4":0.6764430308,"5":0.5429844569,"6":0.4667981605,"7":0.4091220016,"8":0.3624536022,"9":0.3276491718},"train_r_2":{"0":-0.5572689415,"1":0.6238716716,"2":0.8759404474,"3":0.9214733071,"4":0.9429017647,"5":0.9541669396,"6":0.9605977887,"7":0.9654662059,"8":0.9694054634,"9":0.9723432889},"val_loss":{"0":18.5117707948,"1":4.5534395095,"2":1.6041553421,"3":1.0248605091,"4":0.7417717742,"5":0.593108792,"6":0.5080815336,"7":0.4442319383,"8":0.3920986986,"9":0.3520786785},"val_r_2":{"0":-0.6092071083,"1":0.6041747001,"2":0.8605526069,"3":0.9109100456,"4":0.9355186262,"5":0.9484417335,"6":0.9558330482,"7":0.9613834246,"8":0.9659153076,"9":0.9693942023}}